,Feature,Validation Accuracy,Color
0,Year: 1885,0.18997016539008904,#171723
1,Year: 1882,0.16034498923540869,#490092
2,Year: 1883,0.1433446359452438,#b66dff
3,Year: 1884,0.13291302769451324,#ff6db6
4,Year: 1881,0.11090617407729253,#006ddb
5,Year: 1886,0.02018555926033461,#22cf22
6,Name: Torso of Venus,0.013929986800311092,#ffdf4d
7,Year: 1887,0.011983367196047317,#db6d00
8,Year: 1876,0.006001370836974051,#8f4e00
9,Genre: cityscape,0.005985273736170136,#920000
