Feature,Validation Accuracy,Color
Year: 1885,0.1922416191060667,#171723
Year: 1882,0.1642220357866326,#490092
Year: 1883,0.13588623607572295,#b66dff
Year: 1884,0.13145546400826702,#ff6db6
Year: 1881,0.11031587521613881,#006ddb
Year: 1886,0.020577814818633723,#22cf22
Name: Torso of Venus,0.014013630874209681,#ffdf4d
Year: 1887,0.010547613361333941,#db6d00
Year: 1876,0.006514963498084624,#8f4e00
Genre: cityscape,0.006194027206080308,#920000
